<?xml version="1.0" encoding="UTF-8"?>
<project-private xmlns="http://www.netbeans.org/ns/project-private/1">
    <editor-bookmarks xmlns="http://www.netbeans.org/ns/editor-bookmarks/2" lastBookmarkId="0"/>
    <open-files xmlns="http://www.netbeans.org/ns/projectui-open-files/2">
        <group>
            <file>file:/D:/basis_php_batch17/xampp/htdocs/ecommerce_batch17/application/models/welcome_model.php</file>
            <file>file:/D:/basis_php_batch17/xampp/htdocs/ecommerce_batch17/application/views/home_content.php</file>
            <file>file:/D:/basis_php_batch17/xampp/htdocs/ecommerce_batch17/application/views/admin/category_manager.php</file>
            <file>file:/D:/basis_php_batch17/xampp/htdocs/ecommerce_batch17/application/models/mailer_model.php</file>
            <file>file:/D:/basis_php_batch17/xampp/htdocs/ecommerce_batch17/system/libraries/Cart.php</file>
            <file>file:/D:/basis_php_batch17/xampp/htdocs/ecommerce_batch17/application/controllers/super_admin.php</file>
            <file>file:/D:/basis_php_batch17/xampp/htdocs/ecommerce_batch17/application/views/activation_successfull.php</file>
            <file>file:/D:/basis_php_batch17/xampp/htdocs/ecommerce_batch17/application/models/super_admin_model.php</file>
            <file>file:/D:/basis_php_batch17/xampp/htdocs/ecommerce_batch17/application/controllers/checkout.php</file>
            <file>file:/D:/basis_php_batch17/xampp/htdocs/ecommerce_batch17/application/controllers/welcome.php</file>
            <file>file:/D:/basis_php_batch17/xampp/htdocs/ecommerce_batch17/application/models/checkout_model.php</file>
            <file>file:/D:/basis_php_batch17/xampp/htdocs/ecommerce_batch17/application/config/config.php</file>
            <file>file:/D:/basis_php_batch17/xampp/htdocs/ecommerce_batch17/application/controllers/cart.php</file>
            <file>file:/D:/basis_php_batch17/xampp/htdocs/ecommerce_batch17/application/controllers/admin.php</file>
            <file>file:/D:/basis_php_batch17/xampp/htdocs/ecommerce_batch17/application/views/mailScripts/activation_email.php</file>
        </group>
    </open-files>
</project-private>
